{"cameraMode":{"drawMode":0,"name":"Shaded","section":"Shading Mode"},"sceneLighting":false,"audioPlay":false,"sceneViewState":{"m_AlwaysRefresh":false,"showFog":true,"showSkybox":false,"showFlares":true,"showImageEffects":true,"showParticleSystems":true,"showVisualEffectGraphs":true,"m_FxEnabled":false},"in2DMode":false,"pivot":{"x":0.0027537941932678224,"y":0.6031414866447449,"z":0.024144500494003297},"rotation":{"x":0.08085732907056809,"y":0.03647365793585777,"z":-0.002960829995572567,"w":0.99605393409729},"size":1.1016249656677247,"orthographic":false}