{"cameraMode":{"drawMode":0,"name":"Shaded","section":"Shading Mode"},"sceneLighting":true,"audioPlay":false,"sceneViewState":{"m_AlwaysRefresh":false,"showFog":true,"showSkybox":true,"showFlares":true,"showImageEffects":true,"showParticleSystems":true,"showVisualEffectGraphs":true,"m_FxEnabled":false},"in2DMode":false,"pivot":{"x":12.513075828552246,"y":2.469940423965454,"z":10.311312675476075},"rotation":{"x":0.0020652427338063719,"y":-0.9981739521026611,"z":0.04375435411930084,"w":0.04523400962352753},"size":0.2670760750770569,"orthographic":false}